﻿<?xml version="1.0" encoding="utf-8"?>
<TextureAtlas imagePath="NOTE_assets-white.png">
	<!-- Created with Adobe Animate version 19.2.1.408 -->
	<!-- http://www.adobe.com/products/animate.html -->
	<SubTexture name="arrowDOWN0000" x="718" y="0" width="147" height="162"/>
	<SubTexture name="arrowLEFT0000" x="0" y="162" width="163" height="147"/>
	<SubTexture name="arrowRIGHT0000" x="163" y="162" width="161" height="146"/>
	<SubTexture name="arrowUP0000" x="324" y="162" width="146" height="162"/>
	<SubTexture name="blue0000" x="100" y="0" width="147" height="161"/>
	<SubTexture name="blue hold end0000" x="0" y="0" width="50" height="64"/>
	<SubTexture name="blue hold piece0000" x="50" y="0" width="50" height="44"/>
	<SubTexture name="down confirm0000" x="470" y="162" width="226" height="243"/>
	<SubTexture name="down confirm0001" x="696" y="162" width="226" height="243"/>
	<SubTexture name="down confirm0002" x="0" y="405" width="209" height="225" frameX="-8" frameY="-10" frameWidth="226" frameHeight="243"/>
	<SubTexture name="down confirm0003" x="0" y="405" width="209" height="225" frameX="-8" frameY="-10" frameWidth="226" frameHeight="243"/>
	<SubTexture name="down press0000" x="209" y="405" width="135" height="148" frameX="-3" frameY="-3" frameWidth="141" frameHeight="154"/>
	<SubTexture name="down press0001" x="209" y="405" width="135" height="148" frameX="-3" frameY="-3" frameWidth="141" frameHeight="154"/>
	<SubTexture name="down press0002" x="344" y="405" width="141" height="154"/>
	<SubTexture name="down press0003" x="344" y="405" width="141" height="154"/>
	<SubTexture name="green0000" x="247" y="0" width="147" height="161"/>
	<SubTexture name="green hold end0000" x="0" y="0" width="50" height="64"/>
	<SubTexture name="green hold piece0000" x="50" y="0" width="50" height="44"/>
	<SubTexture name="left confirm0000" x="485" y="405" width="226" height="209" frameX="-3" frameY="-5" frameWidth="232" frameHeight="218"/>
	<SubTexture name="left confirm0001" x="711" y="405" width="226" height="209" frameX="-3" frameY="-5" frameWidth="232" frameHeight="218"/>
	<SubTexture name="left confirm0002" x="0" y="630" width="232" height="218"/>
	<SubTexture name="left confirm0003" x="0" y="630" width="232" height="218"/>
	<SubTexture name="left press0000" x="232" y="630" width="150" height="135" frameX="-2" frameY="-3" frameWidth="155" frameHeight="141"/>
	<SubTexture name="left press0001" x="232" y="630" width="150" height="135" frameX="-2" frameY="-3" frameWidth="155" frameHeight="141"/>
	<SubTexture name="left press0002" x="382" y="630" width="155" height="141"/>
	<SubTexture name="left press0003" x="382" y="630" width="155" height="141"/>
	<SubTexture name="purple0000" x="394" y="0" width="162" height="146"/>
	<SubTexture name="purple hold end0000" x="0" y="0" width="50" height="64"/>
	<SubTexture name="purple hold piece0000" x="50" y="0" width="50" height="44"/>
	<SubTexture name="red0000" x="556" y="0" width="162" height="146"/>
	<SubTexture name="red hold end0000" x="0" y="0" width="50" height="64"/>
	<SubTexture name="red hold piece0000" x="50" y="0" width="50" height="44"/>
	<SubTexture name="right confirm0000" x="537" y="630" width="232" height="214" frameX="-1" frameY="-3" frameWidth="235" frameHeight="219"/>
	<SubTexture name="right confirm0001" x="769" y="630" width="232" height="214" frameX="-1" frameY="-3" frameWidth="235" frameHeight="219"/>
	<SubTexture name="right confirm0002" x="0" y="848" width="235" height="219"/>
	<SubTexture name="right confirm0003" x="0" y="848" width="235" height="219"/>
	<SubTexture name="right press0000" x="235" y="848" width="149" height="135" frameX="-3" frameY="-3" frameWidth="155" frameHeight="141"/>
	<SubTexture name="right press0001" x="235" y="848" width="149" height="135" frameX="-3" frameY="-3" frameWidth="155" frameHeight="141"/>
	<SubTexture name="right press0002" x="384" y="848" width="155" height="141"/>
	<SubTexture name="right press0003" x="384" y="848" width="155" height="141"/>
	<SubTexture name="up confirm0000" x="539" y="848" width="223" height="241"/>
	<SubTexture name="up confirm0001" x="762" y="848" width="223" height="241"/>
	<SubTexture name="up confirm0002" x="0" y="1089" width="204" height="219" frameX="-10" frameY="-11" frameWidth="223" frameHeight="241"/>
	<SubTexture name="up confirm0003" x="0" y="1089" width="204" height="219" frameX="-10" frameY="-11" frameWidth="223" frameHeight="241"/>
	<SubTexture name="up press0000" x="204" y="1089" width="136" height="148" frameX="-2" frameY="-3" frameWidth="140" frameHeight="155"/>
	<SubTexture name="up press0001" x="204" y="1089" width="136" height="148" frameX="-2" frameY="-3" frameWidth="140" frameHeight="155"/>
	<SubTexture name="up press0002" x="340" y="1089" width="140" height="155"/>
	<SubTexture name="up press0003" x="340" y="1089" width="140" height="155"/>
</TextureAtlas>
