﻿<?xml version="1.0" encoding="utf-8"?>
<TextureAtlas imagePath="NOTE_assets-default-pulse.png">
	<!-- Created with Adobe Animate version 19.2.1.408 -->
	<!-- http://www.adobe.com/products/animate.html -->
	<SubTexture name="arrowDOWN0000" x="718" y="0" width="147" height="162"/>
	<SubTexture name="arrowDOWN0001" x="865" y="0" width="147" height="162"/>
	<SubTexture name="arrowDOWN0002" x="1012" y="0" width="147" height="162"/>
	<SubTexture name="arrowDOWN0003" x="1159" y="0" width="147" height="162"/>
	<SubTexture name="arrowDOWN0004" x="1306" y="0" width="147" height="162"/>
	<SubTexture name="arrowDOWN0005" x="1453" y="0" width="147" height="162"/>
	<SubTexture name="arrowDOWN0006" x="1600" y="0" width="147" height="162"/>
	<SubTexture name="arrowDOWN0007" x="1747" y="0" width="147" height="162"/>
	<SubTexture name="arrowDOWN0008" x="1894" y="0" width="147" height="162"/>
	<SubTexture name="arrowDOWN0009" x="718" y="0" width="147" height="162"/>
	<SubTexture name="arrowLEFT0000" x="0" y="162" width="163" height="147"/>
	<SubTexture name="arrowLEFT0001" x="163" y="162" width="163" height="147"/>
	<SubTexture name="arrowLEFT0002" x="326" y="162" width="163" height="147"/>
	<SubTexture name="arrowLEFT0003" x="489" y="162" width="163" height="147"/>
	<SubTexture name="arrowLEFT0004" x="652" y="162" width="163" height="147"/>
	<SubTexture name="arrowLEFT0005" x="815" y="162" width="163" height="147"/>
	<SubTexture name="arrowLEFT0006" x="978" y="162" width="163" height="147"/>
	<SubTexture name="arrowLEFT0007" x="1141" y="162" width="163" height="147"/>
	<SubTexture name="arrowLEFT0008" x="1304" y="162" width="163" height="147"/>
	<SubTexture name="arrowLEFT0009" x="0" y="162" width="163" height="147"/>
	<SubTexture name="arrowRIGHT0000" x="1467" y="162" width="161" height="146"/>
	<SubTexture name="arrowRIGHT0001" x="1628" y="162" width="161" height="146"/>
	<SubTexture name="arrowRIGHT0002" x="1789" y="162" width="161" height="146"/>
	<SubTexture name="arrowRIGHT0003" x="0" y="309" width="161" height="146"/>
	<SubTexture name="arrowRIGHT0004" x="161" y="309" width="161" height="146"/>
	<SubTexture name="arrowRIGHT0005" x="322" y="309" width="161" height="146"/>
	<SubTexture name="arrowRIGHT0006" x="483" y="309" width="161" height="146"/>
	<SubTexture name="arrowRIGHT0007" x="644" y="309" width="161" height="146"/>
	<SubTexture name="arrowRIGHT0008" x="805" y="309" width="161" height="146"/>
	<SubTexture name="arrowRIGHT0009" x="1467" y="162" width="161" height="146"/>
	<SubTexture name="arrowUP0000" x="966" y="309" width="146" height="162"/>
	<SubTexture name="arrowUP0001" x="1112" y="309" width="146" height="162"/>
	<SubTexture name="arrowUP0002" x="1258" y="309" width="146" height="162"/>
	<SubTexture name="arrowUP0003" x="1404" y="309" width="146" height="162"/>
	<SubTexture name="arrowUP0004" x="1550" y="309" width="146" height="162"/>
	<SubTexture name="arrowUP0005" x="1696" y="309" width="146" height="162"/>
	<SubTexture name="arrowUP0006" x="1842" y="309" width="146" height="162"/>
	<SubTexture name="arrowUP0007" x="0" y="471" width="146" height="162"/>
	<SubTexture name="arrowUP0008" x="146" y="471" width="146" height="162"/>
	<SubTexture name="arrowUP0009" x="966" y="309" width="146" height="162"/>
	<SubTexture name="blue0000" x="100" y="0" width="147" height="161"/>
	<SubTexture name="blue hold end0000" x="50" y="0" width="50" height="64"/>
	<SubTexture name="blue hold piece0000" x="0" y="0" width="50" height="44"/>
	<SubTexture name="down confirm0000" x="292" y="471" width="226" height="243"/>
	<SubTexture name="down confirm0001" x="518" y="471" width="226" height="243"/>
	<SubTexture name="down confirm0002" x="744" y="471" width="209" height="225" frameX="-8" frameY="-10" frameWidth="226" frameHeight="243"/>
	<SubTexture name="down confirm0003" x="744" y="471" width="209" height="225" frameX="-8" frameY="-10" frameWidth="226" frameHeight="243"/>
	<SubTexture name="down press0000" x="953" y="471" width="135" height="148" frameX="-3" frameY="-3" frameWidth="141" frameHeight="154"/>
	<SubTexture name="down press0001" x="953" y="471" width="135" height="148" frameX="-3" frameY="-3" frameWidth="141" frameHeight="154"/>
	<SubTexture name="down press0002" x="1088" y="471" width="141" height="154"/>
	<SubTexture name="down press0003" x="1088" y="471" width="141" height="154"/>
	<SubTexture name="green0000" x="247" y="0" width="147" height="161"/>
	<SubTexture name="green hold end0000" x="50" y="0" width="50" height="64"/>
	<SubTexture name="green hold piece0000" x="0" y="0" width="50" height="44"/>
	<SubTexture name="left confirm0000" x="1229" y="471" width="226" height="209" frameX="-3" frameY="-5" frameWidth="232" frameHeight="218"/>
	<SubTexture name="left confirm0001" x="1455" y="471" width="226" height="209" frameX="-3" frameY="-5" frameWidth="232" frameHeight="218"/>
	<SubTexture name="left confirm0002" x="1681" y="471" width="232" height="218"/>
	<SubTexture name="left confirm0003" x="1681" y="471" width="232" height="218"/>
	<SubTexture name="left press0000" x="0" y="714" width="150" height="135" frameX="-2" frameY="-3" frameWidth="155" frameHeight="141"/>
	<SubTexture name="left press0001" x="0" y="714" width="150" height="135" frameX="-2" frameY="-3" frameWidth="155" frameHeight="141"/>
	<SubTexture name="left press0002" x="150" y="714" width="155" height="141"/>
	<SubTexture name="left press0003" x="150" y="714" width="155" height="141"/>
	<SubTexture name="purple0000" x="394" y="0" width="162" height="146"/>
	<SubTexture name="purple hold end0000" x="50" y="0" width="50" height="64"/>
	<SubTexture name="purple hold piece0000" x="0" y="0" width="50" height="44"/>
	<SubTexture name="red0000" x="556" y="0" width="162" height="146"/>
	<SubTexture name="red hold end0000" x="50" y="0" width="50" height="64"/>
	<SubTexture name="red hold piece0000" x="0" y="0" width="50" height="44"/>
	<SubTexture name="right confirm0000" x="305" y="714" width="232" height="214" frameX="-1" frameY="-3" frameWidth="235" frameHeight="219"/>
	<SubTexture name="right confirm0001" x="537" y="714" width="232" height="214" frameX="-1" frameY="-3" frameWidth="235" frameHeight="219"/>
	<SubTexture name="right confirm0002" x="769" y="714" width="235" height="219"/>
	<SubTexture name="right confirm0003" x="769" y="714" width="235" height="219"/>
	<SubTexture name="right press0000" x="1004" y="714" width="149" height="135" frameX="-3" frameY="-3" frameWidth="155" frameHeight="141"/>
	<SubTexture name="right press0001" x="1004" y="714" width="149" height="135" frameX="-3" frameY="-3" frameWidth="155" frameHeight="141"/>
	<SubTexture name="right press0002" x="1153" y="714" width="155" height="141"/>
	<SubTexture name="right press0003" x="1153" y="714" width="155" height="141"/>
	<SubTexture name="up confirm0000" x="1308" y="714" width="223" height="241"/>
	<SubTexture name="up confirm0001" x="1531" y="714" width="223" height="241"/>
	<SubTexture name="up confirm0002" x="1754" y="714" width="204" height="219" frameX="-10" frameY="-11" frameWidth="223" frameHeight="241"/>
	<SubTexture name="up confirm0003" x="1754" y="714" width="204" height="219" frameX="-10" frameY="-11" frameWidth="223" frameHeight="241"/>
	<SubTexture name="up press0000" x="0" y="955" width="136" height="148" frameX="-2" frameY="-3" frameWidth="140" frameHeight="155"/>
	<SubTexture name="up press0001" x="0" y="955" width="136" height="148" frameX="-2" frameY="-3" frameWidth="140" frameHeight="155"/>
	<SubTexture name="up press0002" x="136" y="955" width="140" height="155"/>
	<SubTexture name="up press0003" x="136" y="955" width="140" height="155"/>
</TextureAtlas>
